Month,County,IPC3plus_Pop,IPC3plus_Fraction,Maize_Price,Bean_Price,Rainfall,Rainfall_Anomaly
2021-02,Baringo,66678,0.03333333333333333,1379.1675,8100.0,184.792230125,122.51782580555556
2021-02,Embu,0,0.0,1379.1675,7123.5,114.86526695277777,106.61702869444446
2021-02,Garissa,126203,0.05000000000000001,1379.1675,7863.0,65.68231526111111,84.94026677777778
2021-02,Isiolo,40200,0.05000000000000001,50.0,102.5,28.278380778888888,96.03484755555556
2021-02,Kajiado,55892,0.016666666666666666,1379.1675,7123.5,61.41549728333334,120.76865077777776
2021-02,Kilifi,145379,0.03333333333333333,1379.1675,7123.5,84.66968615,68.96674208333333
2021-02,Kitui,56809,0.016666666666666666,2700.0,6750.0,68.88853626666666,117.04654736111111
2021-02,Kwale,86682,0.03333333333333333,1379.1675,7123.5,99.91800935555555,74.86541555555556
2021-02,Laikipia,25928,0.016666666666666666,1379.1675,7123.5,104.97664016666667,101.58380433333335
2021-02,Lamu,21588,0.049999999999999996,1379.1675,7123.5,60.03448272222222,82.42140605555556
2021-02,Makueni,49383,0.016666666666666666,1379.1675,7200.0,83.97730331666666,121.8710058888889
2021-02,Mandera,173492,0.06666666666666667,2880.0,9270.0,26.922538983333332,88.71690177777778
2021-02,Marsabit,68968,0.05000000000000001,1379.1675,7123.5,46.452470822222224,104.79310577777778
2021-02,Meru,51349,0.016666666666666666,1379.1675,7123.5,105.02876712777777,91.76788613888888
2021-02,Narok,0,0.0,1379.1675,7123.5,125.71649265277776,112.63875708333333
2021-02,Nyeri,0,0.0,1379.1675,6003.0,112.1446785,87.49855074999999
2021-02,Samburu,46549,0.05000000000000001,1379.1675,7123.5,50.889376294444446,93.22127794444444
2021-02,Taita Taveta,17034,0.016666666666666666,1379.1675,7123.5,46.49970252222222,81.7874065
2021-02,Tana River,47391,0.05000000000000001,1379.1675,7123.5,59.97306046666667,96.17273566666667
2021-02,Tharaka-Nithi,20039,0.049999999999999996,1379.1675,7123.5,100.90058946388888,97.37963191666667
2021-02,Turkana,185395,0.06666666666666667,57.71,113.33,71.63183938888889,107.19946411111111
2021-02,Wajir,78126,0.03333333333333333,58.335,135.83,37.50712694722222,99.16393261111111
2021-02,West Pokot,62124,0.03333333333333333,2799.0,9900.0,146.76058308333333,102.68744166666667
2021-03,Baringo,100017,0.049999999999999996,2520.0,8175.0,184.792230125,122.51782580555556
2021-03,Embu,0,0.0,1291.975,6903.0,114.86526695277777,106.61702869444446
2021-03,Garissa,168271,0.06666666666666667,63.95,100.29,65.68231526111111,84.94026677777778
2021-03,Isiolo,53600,0.06666666666666667,60.0,132.5,28.278380778888888,96.03484755555556
2021-03,Kajiado,111784,0.03333333333333333,1291.975,6804.0,61.41549728333334,120.76865077777776
2021-03,Kilifi,218068,0.049999999999999996,1291.975,6903.0,84.66968615,68.96674208333333
2021-03,Kitui,113619,0.03333333333333333,1291.975,6903.0,68.88853626666666,117.04654736111111
2021-03,Kwale,130023,0.049999999999999996,1291.975,6903.0,99.91800935555555,74.86541555555556
2021-03,Laikipia,25928,0.016666666666666666,1291.975,6903.0,104.97664016666667,101.58380433333335
2021-03,Lamu,21588,0.049999999999999996,1291.975,6903.0,60.03448272222222,82.42140605555556
2021-03,Makueni,98765,0.03333333333333333,2700.0,7101.0,83.97730331666666,121.8710058888889
2021-03,Mandera,216864,0.08333333333333333,3195.0,10000.0,26.922538983333332,88.71690177777778
2021-03,Marsabit,114946,0.08333333333333333,1291.975,6903.0,46.452470822222224,104.79310577777778
2021-03,Meru,51349,0.016666666666666666,1291.975,6903.0,105.02876712777777,91.76788613888888
2021-03,Narok,0,0.0,1291.975,6903.0,125.71649265277776,112.63875708333333
2021-03,Nyeri,0,0.0,2601.0,7002.0,112.1446785,87.49855074999999
2021-03,Samburu,46549,0.05000000000000001,1291.975,6903.0,50.889376294444446,93.22127794444444
2021-03,Taita Taveta,17034,0.016666666666666666,1291.975,6903.0,46.49970252222222,81.7874065
2021-03,Tana River,63188,0.06666666666666667,1291.975,6903.0,59.97306046666667,96.17273566666667
2021-03,Tharaka-Nithi,6680,0.016666666666666666,1291.975,6903.0,100.90058946388888,97.37963191666667
2021-03,Turkana,231744,0.08333333333333333,62.625,114.75999999999999,71.63183938888889,107.19946411111111
2021-03,Wajir,156252,0.06666666666666667,59.165,100.75,37.50712694722222,99.16393261111111
2021-03,West Pokot,62124,0.03333333333333333,1291.975,9000.0,146.76058308333333,102.68744166666667
2021-07,Baringo,133356,0.06666666666666667,60.0,8100.0,184.792230125,122.51782580555556
2021-07,Embu,27236,0.03333333333333333,63.17,6687.0,114.86526695277777,106.61702869444446
2021-07,Garissa,168271,0.06666666666666667,63.1,3752.0,65.68231526111111,84.94026677777778
2021-07,Isiolo,107201,0.13333333333333333,56.665,100.0,28.278380778888888,96.03484755555556
2021-07,Kajiado,55892,0.016666666666666666,63.17,6849.0,61.41549728333334,120.76865077777776
2021-07,Kilifi,145379,0.03333333333333333,63.17,6687.0,84.66968615,68.96674208333333
2021-07,Kitui,113619,0.03333333333333333,2700.0,8100.0,68.88853626666666,117.04654736111111
2021-07,Kwale,86682,0.03333333333333333,63.17,6687.0,99.91800935555555,74.86541555555556
2021-07,Laikipia,25928,0.016666666666666666,63.17,6687.0,104.97664016666667,101.58380433333335
2021-07,Lamu,14392,0.03333333333333333,63.17,6687.0,60.03448272222222,82.42140605555556
2021-07,Makueni,98765,0.03333333333333333,63.17,6687.0,83.97730331666666,121.8710058888889
2021-07,Mandera,173492,0.06666666666666667,63.17,9270.0,26.922538983333332,88.71690177777778
2021-07,Marsabit,160925,0.11666666666666665,52.5,100.0,46.452470822222224,104.79310577777778
2021-07,Meru,38244,0.016666666666666666,63.17,6687.0,105.02876712777777,91.76788613888888
2021-07,Narok,57894,0.016666666666666666,63.17,6687.0,125.71649265277776,112.63875708333333
2021-07,Nyeri,9945,0.016666666666666666,2799.0,7002.0,112.1446785,87.49855074999999
2021-07,Samburu,46549,0.05000000000000001,63.17,6687.0,50.889376294444446,93.22127794444444
2021-07,Taita Taveta,17034,0.016666666666666666,63.17,6687.0,46.49970252222222,81.7874065
2021-07,Tana River,63188,0.06666666666666667,63.17,6687.0,59.97306046666667,96.17273566666667
2021-07,Tharaka-Nithi,6680,0.016666666666666666,63.17,6687.0,100.90058946388888,97.37963191666667
2021-07,Turkana,370791,0.13333333333333333,63.24,112.65,71.63183938888889,107.19946411111111
2021-07,Wajir,195316,0.08333333333333333,63.17,6687.0,37.50712694722222,99.16393261111111
2021-07,West Pokot,31062,0.016666666666666666,2776.5,6525.0,146.76058308333333,102.68744166666667
2021-11,Baringo,66678,0.03333333333333333,2700.0,8325.0,184.792230125,122.51782580555556
2021-11,Embu,13618,0.016666666666666666,2475.0,3650.57,114.86526695277777,106.61702869444446
2021-11,Garissa,294473,0.11666666666666665,61.88,3650.57,65.68231526111111,84.94026677777778
2021-11,Isiolo,80400,0.10000000000000002,61.665,120.0,28.278380778888888,96.03484755555556
2021-11,Kajiado,55892,0.016666666666666666,2475.0,3650.57,61.41549728333334,120.76865077777776
2021-11,Kilifi,145379,0.03333333333333333,2475.0,3650.57,84.66968615,68.96674208333333
2021-11,Kitui,170428,0.049999999999999996,2997.0,7249.5,68.88853626666666,117.04654736111111
2021-11,Kwale,173364,0.06666666666666667,2475.0,3650.57,99.91800935555555,74.86541555555556
2021-11,Laikipia,51856,0.03333333333333333,2475.0,3650.57,104.97664016666667,101.58380433333335
2021-11,Lamu,28784,0.06666666666666667,2475.0,3650.57,60.03448272222222,82.42140605555556
2021-11,Makueni,98765,0.03333333333333333,2475.0,3650.57,83.97730331666666,121.8710058888889
2021-11,Mandera,216864,0.08333333333333333,2475.0,3650.57,26.922538983333332,88.71690177777778
2021-11,Marsabit,160925,0.11666666666666665,78.75,200.0,46.452470822222224,104.79310577777778
2021-11,Meru,38244,0.016666666666666666,2475.0,3650.57,105.02876712777777,91.76788613888888
2021-11,Narok,57894,0.016666666666666666,2475.0,3650.57,125.71649265277776,112.63875708333333
2021-11,Nyeri,19890,0.03333333333333333,3204.0,3650.57,112.1446785,87.49855074999999
2021-11,Samburu,46549,0.05000000000000001,2475.0,3650.57,50.889376294444446,93.22127794444444
2021-11,Taita Taveta,17034,0.016666666666666666,2475.0,3650.57,46.49970252222222,81.7874065
2021-11,Tana River,78986,0.08333333333333333,2475.0,3650.57,59.97306046666667,96.17273566666667
2021-11,Tharaka-Nithi,6680,0.016666666666666666,2475.0,3650.57,100.90058946388888,97.37963191666667
2021-11,Turkana,278093,0.09999999999999999,60.0,100.0,71.63183938888889,107.19946411111111
2021-11,Wajir,234379,0.09999999999999999,2475.0,3650.57,37.50712694722222,99.16393261111111
2021-11,West Pokot,31062,0.016666666666666666,2718.0,6708.0,146.76058308333333,102.68744166666667
2022-02,Baringo,233374,0.11666666666666665,60.0,8100.0,184.792230125,122.51782580555556
2022-02,Embu,13618,0.016666666666666666,81.43,7002.0,114.86526695277777,106.61702869444446
2022-02,Garissa,210339,0.08333333333333333,70.0,3704.5,65.68231526111111,84.94026677777778
2022-02,Isiolo,80401,0.09999999999999999,81.43,7002.0,28.278380778888888,96.03484755555556
2022-02,Kajiado,111784,0.03333333333333333,81.43,9000.0,61.41549728333334,120.76865077777776
2022-02,Kilifi,218068,0.049999999999999996,81.43,7002.0,84.66968615,68.96674208333333
2022-02,Kitui,227237,0.06666666666666667,81.43,7002.0,68.88853626666666,117.04654736111111
2022-02,Kwale,130023,0.049999999999999996,81.43,7002.0,99.91800935555555,74.86541555555556
2022-02,Laikipia,51856,0.03333333333333333,81.43,7002.0,104.97664016666667,101.58380433333335
2022-02,Lamu,21588,0.05000000000000001,81.43,7002.0,60.03448272222222,82.42140605555556
2022-02,Makueni,98765,0.03333333333333333,3330.0,7002.0,83.97730331666666,121.8710058888889
2022-02,Mandera,303610,0.11666666666666665,4005.0,8287.5,26.922538983333332,88.71690177777778
2022-02,Marsabit,229893,0.16666666666666666,81.43,125.0,60.925111722222226,103.75849277777778
2022-02,Meru,152977,0.06666666666666667,81.43,7002.0,105.02876712777777,91.76788613888888
2022-02,Narok,57894,0.016666666666666666,81.43,7002.0,125.71649265277776,112.63875708333333
2022-02,Nyeri,19890,0.03333333333333333,3352.5,7002.0,90.82721733333334,101.74310777777777
2022-02,Samburu,108615,0.11666666666666665,81.43,7002.0,50.889376294444446,93.22127794444444
2022-02,Taita Taveta,34067,0.03333333333333333,81.43,7002.0,46.49970252222222,81.7874065
2022-02,Tana River,78986,0.08333333333333333,81.43,7002.0,83.7532151111111,125.552434
2022-02,Tharaka-Nithi,13360,0.03333333333333333,81.43,7002.0,100.90058946388888,97.37963191666667
2022-02,Turkana,370791,0.13333333333333333,60.0,105.38,63.54352022222223,133.98615944444447
2022-02,Wajir,273442,0.11666666666666665,67.5,130.0,47.510747288888886,122.51736444444444
2022-02,West Pokot,31062,0.016666666666666666,2898.0,7040.25,146.76058308333333,102.68744166666667
2022-03,Baringo,300052,0.15,3150.0,8400.0,184.792230125,122.51782580555556
2022-03,Embu,27236,0.03333333333333333,3150.0,8077.5,114.86526695277777,106.61702869444446
2022-03,Garissa,336541,0.13333333333333333,3660.0,8077.5,65.68231526111111,84.94026677777778
2022-03,Isiolo,134001,0.16666666666666666,3150.0,8077.5,28.278380778888888,96.03484755555556
2022-03,Kajiado,111784,0.03333333333333333,3150.0,8077.5,61.41549728333334,120.76865077777776
2022-03,Kilifi,145379,0.03333333333333333,3150.0,8077.5,84.66968615,68.96674208333333
2022-03,Kitui,284046,0.08333333333333333,3150.0,8077.5,68.88853626666666,117.04654736111111
2022-03,Kwale,130023,0.05000000000000001,3150.0,8077.5,99.91800935555555,74.86541555555556
2022-03,Laikipia,77784,0.049999999999999996,3150.0,8077.5,104.97664016666667,101.58380433333335
2022-03,Lamu,21588,0.05000000000000001,3150.0,8077.5,60.03448272222222,82.42140605555556
2022-03,Makueni,98765,0.03333333333333333,3330.0,8077.5,83.97730331666666,121.8710058888889
2022-03,Mandera,477101,0.18333333333333335,4140.0,8088.75,26.922538983333332,88.71690177777778
2022-03,Marsabit,321850,0.2333333333333333,80.0,125.0,38.496923699999996,68.28649899999999
2022-03,Meru,191221,0.08333333333333333,3150.0,8077.5,105.02876712777777,91.76788613888888
2022-03,Narok,173681,0.05000000000000001,3150.0,8077.5,125.71649265277776,112.63875708333333
2022-03,Nyeri,19890,0.03333333333333333,2997.0,8077.5,72.17096444444445,68.32584433333334
2022-03,Samburu,139647,0.15,3150.0,8077.5,50.889376294444446,93.22127794444444
2022-03,Taita Taveta,34067,0.03333333333333333,3150.0,8077.5,46.49970252222222,81.7874065
2022-03,Tana River,63188,0.06666666666666667,3150.0,8077.5,47.53990044444444,73.41482555555555
2022-03,Tharaka-Nithi,20039,0.049999999999999996,3150.0,8077.5,100.90058946388888,97.37963191666667
2022-03,Turkana,463488,0.16666666666666666,3150.0,8077.5,57.56455611111111,77.84925255555555
2022-03,Wajir,468758,0.20000000000000004,3150.0,8077.5,25.357454,92.54872633333333
2022-03,West Pokot,62124,0.03333333333333333,2898.0,7018.875,146.76058308333333,102.68744166666667
2022-07,Baringo,139670,0.13333333333333333,5850.0,9187.5,184.792230125,122.51782580555556
2022-07,Embu,40854,0.05000000000000001,5850.0,9562.5,114.86526695277777,106.61702869444446
2022-07,Garissa,378609,0.15,7313.0,9562.5,65.68231526111111,84.94026677777778
2022-07,Isiolo,134001,0.16666666666666666,5850.0,9562.5,28.278380778888888,96.03484755555556
2022-07,Kajiado,55892,0.016666666666666666,5850.0,8496.0,61.41549728333334,120.76865077777776
2022-07,Kilifi,72689,0.016666666666666666,5850.0,9562.5,84.66968615,68.96674208333333
2022-07,Kitui,284046,0.08333333333333333,5850.0,9562.5,68.88853626666666,117.04654736111111
2022-07,Kwale,86682,0.03333333333333333,5850.0,9562.5,99.91800935555555,74.86541555555556
2022-07,Laikipia,129640,0.08333333333333333,5850.0,9562.5,104.97664016666667,101.58380433333335
2022-07,Lamu,14392,0.03333333333333333,5850.0,9562.5,60.03448272222222,82.42140605555556
2022-07,Makueni,197531,0.06666666666666667,5985.0,9562.5,83.97730331666666,121.8710058888889
2022-07,Mandera,390356,0.15,5640.0,11340.0,26.922538983333332,88.71690177777778
2022-07,Marsabit,206904,0.15,5850.0,9562.5,29.235936666666664,98.69087122222223
2022-07,Meru,152977,0.06666666666666667,5850.0,9562.5,105.02876712777777,91.76788613888888
2022-07,Narok,57894,0.016666666666666666,5850.0,9562.5,125.71649265277776,112.63875708333333
2022-07,Nyeri,29835,0.049999999999999996,5850.0,9562.5,88.7962498888889,72.24078200000001
2022-07,Samburu,139647,0.15,5850.0,9562.5,50.889376294444446,93.22127794444444
2022-07,Taita Taveta,34067,0.03333333333333333,5850.0,9562.5,46.49970252222222,81.7874065
2022-07,Tana River,94783,0.09999999999999999,5850.0,9562.5,76.10601255555555,122.43786166666668
2022-07,Tharaka-Nithi,26719,0.06666666666666667,5850.0,9562.5,100.90058946388888,97.37963191666667
2022-07,Turkana,463488,0.16666666666666666,5850.0,9562.5,71.89784922222222,80.19978477777778
2022-07,Wajir,351568,0.15,5850.0,9562.5,33.684435533333335,95.7741811111111
2022-07,West Pokot,31062,0.016666666666666666,5502.0,9577.5,146.76058308333333,102.68744166666667
2022-10,Baringo,139669,0.13333333333333333,6225.0,9731.25,184.792230125,122.51782580555556
2022-10,Embu,40854,0.05000000000000001,6262.5,12150.0,114.86526695277777,106.61702869444446
2022-10,Garissa,420677,0.16666666666666666,6642.0,15606.0,65.68231526111111,84.94026677777778
2022-10,Isiolo,147401,0.18333333333333335,6262.5,12150.0,28.278380778888888,96.03484755555556
2022-10,Kajiado,111784,0.03333333333333333,6262.5,12150.0,61.41549728333334,120.76865077777776
2022-10,Kilifi,145379,0.03333333333333333,6262.5,12150.0,84.66968615,68.96674208333333
2022-10,Kitui,340856,0.10000000000000002,6262.5,12150.0,68.88853626666666,117.04654736111111
2022-10,Kwale,130023,0.05000000000000001,6262.5,12150.0,99.91800935555555,74.86541555555556
2022-10,Laikipia,155568,0.10000000000000002,6262.5,12150.0,104.97664016666667,101.58380433333335
2022-10,Lamu,21588,0.05000000000000001,6262.5,12150.0,60.03448272222222,82.42140605555556
2022-10,Makueni,246914,0.08333333333333333,6262.5,12150.0,83.97730331666666,121.8710058888889
2022-10,Mandera,433728,0.16666666666666666,6300.0,12492.0,26.922538983333332,88.71690177777778
2022-10,Marsabit,252882,0.18333333333333335,6262.5,12150.0,19.485637555555556,75.78542222222222
2022-10,Meru,152977,0.06666666666666667,6262.5,12150.0,105.02876712777777,91.76788613888888
2022-10,Narok,115787,0.03333333333333333,6262.5,12150.0,125.71649265277776,112.63875708333333
2022-10,Nyeri,29835,0.05000000000000001,6262.5,12150.0,76.94457233333334,70.02238422222223
2022-10,Samburu,170680,0.18333333333333335,6262.5,12150.0,50.889376294444446,93.22127794444444
2022-10,Taita Taveta,51101,0.05000000000000001,6262.5,12150.0,46.49970252222222,81.7874065
2022-10,Tana River,126377,0.13333333333333333,6262.5,12150.0,34.54549317777778,65.32574066666666
2022-10,Tharaka-Nithi,33399,0.08333333333333333,6262.5,12150.0,100.90058946388888,97.37963191666667
2022-10,Turkana,556185,0.20000000000000004,6262.5,12150.0,70.15577784444446,101.66720644444445
2022-10,Wajir,468757,0.19999999999999998,6262.5,12150.0,17.3573456,62.834719666666665
2022-10,West Pokot,62124,0.03333333333333333,4550.4,11700.0,146.76058308333333,102.68744166666667
2023-02,Baringo,220000,0.09999999999999999,5962.5,8100.0,184.792230125,122.51782580555556
2023-02,Embu,28098,0.03333333333333333,5697.75,9549.0,114.86526695277777,106.61702869444446
2023-02,Garissa,509867,0.18333333333333335,101.45,146.29,65.68231526111111,84.94026677777778
2023-02,Isiolo,110578,0.11666666666666665,5697.75,9549.0,28.278380778888888,96.03484755555556
2023-02,Kajiado,190239,0.049999999999999996,5697.75,9549.0,61.41549728333334,120.76865077777776
2023-02,Kilifi,78867,0.016666666666666666,5697.75,9549.0,84.66968615,68.96674208333333
2023-02,Kitui,307448,0.08333333333333333,5697.75,9549.0,68.88853626666666,117.04654736111111
2023-02,Kwale,94446,0.03333333333333333,5697.75,9549.0,99.91800935555555,74.86541555555556
2023-02,Laikipia,84183,0.049999999999999996,5697.75,9549.0,104.97664016666667,101.58380433333335
2023-02,Lamu,16733,0.03333333333333333,5697.75,9549.0,60.03448272222222,82.42140605555556
2023-02,Makueni,208460,0.06666666666666667,5697.75,9549.0,83.97730331666666,121.8710058888889
2023-02,Mandera,527579,0.18333333333333335,6060.0,14286.0,26.922538983333332,88.71690177777778
2023-02,Marsabit,283411,0.18333333333333335,5697.75,9549.0,31.964405677777776,64.0986608888889
2023-02,Meru,158895,0.06666666666666667,5697.75,9549.0,105.02876712777777,91.76788613888888
2023-02,Narok,128400,0.03333333333333333,5697.75,9549.0,125.71649265277776,112.63875708333333
2023-02,Nyeri,30771,0.049999999999999996,5998.5,10998.0,56.36872395555556,53.27742577777778
2023-02,Samburu,156734,0.15,5697.75,9549.0,50.889376294444446,93.22127794444444
2023-02,Taita Taveta,54599,0.049999999999999996,5697.75,9549.0,46.49970252222222,81.7874065
2023-02,Tana River,158647,0.15,5697.75,9549.0,36.49998004444444,69.11665122222222
2023-02,Tharaka-Nithi,17771,0.03333333333333333,5697.75,9549.0,100.90058946388888,97.37963191666667
2023-02,Turkana,511387,0.16666666666666666,92.91499999999999,140.0,34.32758252222223,55.35909988888889
2023-02,Wajir,478849,0.18333333333333335,5697.75,9549.0,20.338747344444446,82.02548622222223
2023-02,West Pokot,33816,0.016666666666666666,5433.0,11097.0,146.76058308333333,102.68744166666667
2023-03,Baringo,220000,0.09999999999999999,6300.0,12487.5,184.792230125,122.51782580555556
2023-03,Embu,42147,0.049999999999999996,3201.6225,12393.25,114.86526695277777,106.61702869444446
2023-03,Garissa,556218,0.20000000000000004,103.245,150.21,65.68231526111111,84.94026677777778
2023-03,Isiolo,126375,0.13333333333333333,3201.6225,12393.25,28.278380778888888,96.03484755555556
2023-03,Kajiado,317065,0.08333333333333333,3201.6225,12600.0,61.41549728333334,120.76865077777776
2023-03,Kilifi,236600,0.049999999999999996,3201.6225,12393.25,84.66968615,68.96674208333333
2023-03,Kitui,368938,0.09999999999999999,3201.6225,12393.25,68.88853626666666,117.04654736111111
2023-03,Kwale,141670,0.049999999999999996,3201.6225,12393.25,99.91800935555555,74.86541555555556
2023-03,Laikipia,140306,0.08333333333333333,3201.6225,12393.25,104.97664016666667,101.58380433333335
2023-03,Lamu,25100,0.049999999999999996,3201.6225,12393.25,60.03448272222222,82.42140605555556
2023-03,Makueni,260575,0.08333333333333333,3201.6225,12393.25,83.97730331666666,121.8710058888889
2023-03,Mandera,575541,0.20000000000000004,6480.0,14100.0,26.922538983333332,88.71690177777778
2023-03,Marsabit,309176,0.19999999999999998,3201.6225,12393.25,48.65473327777778,105.82771877777778
2023-03,Meru,198619,0.08333333333333333,3201.6225,12393.25,105.02876712777777,91.76788613888888
2023-03,Narok,192600,0.049999999999999996,3201.6225,12393.25,125.71649265277776,112.63875708333333
2023-03,Nyeri,30771,0.049999999999999996,3201.6225,12393.25,69.86235122222223,79.30194066666667
2023-03,Samburu,174149,0.16666666666666666,3201.6225,12393.25,50.889376294444446,93.22127794444444
2023-03,Taita Taveta,54599,0.049999999999999996,3201.6225,12393.25,46.49970252222222,81.7874065
2023-03,Tana River,193902,0.18333333333333335,3201.6225,12393.25,31.477491722222226,64.42857744444444
2023-03,Tharaka-Nithi,26656,0.049999999999999996,3201.6225,12393.25,100.90058946388888,97.37963191666667
2023-03,Turkana,613664,0.19999999999999998,85.0,140.0,61.40847811111111,99.6645421111111
2023-03,Wajir,565913,0.21666666666666667,3201.6225,12393.25,42.66278114444444,169.246095
2023-03,West Pokot,67633,0.03333333333333333,3201.6225,12299.0,146.76058308333333,102.68744166666667
2023-07,Baringo,109950,0.05000000000000001,6188.0,12637.5,184.792230125,122.51782580555556
2023-07,Embu,14050,0.016666666666666666,5752.75,12224.75,114.86526695277777,106.61702869444446
2023-07,Garissa,324450,0.11666666666666665,110.27,192.56,65.68231526111111,84.94026677777778
2023-07,Isiolo,79000,0.08333333333333333,5752.75,12224.75,28.278380778888888,96.03484755555556
2023-07,Kajiado,126800,0.03333333333333333,5752.75,14175.0,61.41549728333334,120.76865077777776
2023-07,Kilifi,78850,0.016666666666666666,5752.75,12224.75,84.66968615,68.96674208333333
2023-07,Kitui,184500,0.049999999999999996,5752.75,12224.75,68.88853626666666,117.04654736111111
2023-07,Kwale,47200,0.016666666666666666,5752.75,12224.75,99.91800935555555,74.86541555555556
2023-07,Laikipia,56100,0.03333333333333333,5752.75,12224.75,104.97664016666667,101.58380433333335
2023-07,Lamu,8350,0.016666666666666666,5752.75,12224.75,60.03448272222222,82.42140605555556
2023-07,Makueni,156300,0.049999999999999996,6125.0,12224.75,83.97730331666666,121.8710058888889
2023-07,Mandera,287700,0.10000000000000002,5752.75,12224.75,26.922538983333332,88.71690177777778
2023-07,Marsabit,206000,0.13333333333333333,5752.75,12224.75,47.54564731111111,120.39012522222222
2023-07,Meru,79500,0.03333333333333333,5752.75,12224.75,105.02876712777777,91.76788613888888
2023-07,Narok,64200,0.016666666666666666,5752.75,12224.75,125.71649265277776,112.63875708333333
2023-07,Nyeri,20500,0.03333333333333333,7002.0,12224.75,119.8230541111111,82.81692566666668
2023-07,Samburu,104400,0.09999999999999999,5752.75,12224.75,50.889376294444446,93.22127794444444
2023-07,Taita Taveta,54600,0.049999999999999996,5752.75,12224.75,46.49970252222222,81.7874065
2023-07,Tana River,88250,0.08333333333333333,5752.75,12224.75,93.77815066666666,126.38921066666666
2023-07,Tharaka-Nithi,8900,0.016666666666666666,5752.75,12224.75,100.90058946388888,97.37963191666667
2023-07,Turkana,358050,0.11666666666666665,106.25,199.38,83.97913866666666,88.31478377777778
2023-07,Wajir,261300,0.09999999999999999,5752.75,12224.75,42.851451133333335,98.34653733333333
2023-07,West Pokot,67600,0.03333333333333333,5380.5,12224.75,146.76058308333333,102.68744166666667
2023-10,Baringo,36650,0.016666666666666666,105.04,184.54500000000002,184.792230125,122.51782580555556
2023-10,Embu,0,0.0,105.04,184.54500000000002,114.86526695277777,106.61702869444446
2023-10,Garissa,139050,0.05000000000000001,105.04,169.09,65.68231526111111,84.94026677777778
2023-10,Isiolo,47400,0.05000000000000001,105.04,184.54500000000002,28.278380778888888,96.03484755555556
2023-10,Kajiado,63400,0.016666666666666666,105.04,184.54500000000002,61.41549728333334,120.76865077777776
2023-10,Kilifi,78850,0.016666666666666666,105.04,184.54500000000002,84.66968615,68.96674208333333
2023-10,Kitui,61500,0.016666666666666666,5133.33,184.54500000000002,68.88853626666666,117.04654736111111
2023-10,Kwale,47200,0.016666666666666666,105.04,184.54500000000002,99.91800935555555,74.86541555555556
2023-10,Laikipia,28050,0.016666666666666666,105.04,184.54500000000002,104.97664016666667,101.58380433333335
2023-10,Lamu,8350,0.016666666666666666,105.04,184.54500000000002,60.03448272222222,82.42140605555556
2023-10,Makueni,52100,0.016666666666666666,105.04,184.54500000000002,83.97730331666666,121.8710058888889
2023-10,Mandera,191800,0.06666666666666667,105.04,184.54500000000002,26.922538983333332,88.71690177777778
2023-10,Marsabit,154500,0.09999999999999999,105.04,184.54500000000002,45.35929433333334,143.29717
2023-10,Meru,39750,0.016666666666666666,105.04,184.54500000000002,105.02876712777777,91.76788613888888
2023-10,Narok,64200,0.016666666666666666,105.04,184.54500000000002,125.71649265277776,112.63875708333333
2023-10,Nyeri,10250,0.016666666666666666,105.04,184.54500000000002,104.46630288888889,104.85197544444445
2023-10,Samburu,52200,0.05000000000000001,105.04,184.54500000000002,50.889376294444446,93.22127794444444
2023-10,Taita Taveta,18200,0.016666666666666666,105.04,184.54500000000002,46.49970252222222,81.7874065
2023-10,Tana River,52950,0.05000000000000001,105.04,184.54500000000002,64.112975,122.74424933333333
2023-10,Tharaka-Nithi,8900,0.016666666666666666,105.04,184.54500000000002,100.90058946388888,97.37963191666667
2023-10,Turkana,204600,0.06666666666666667,100.0,200.0,71.36582955555555,123.560866
2023-10,Wajir,130650,0.05000000000000001,105.04,184.54500000000002,54.42193183333333,147.67285800000002
2023-10,West Pokot,33800,0.016666666666666666,105.04,184.54500000000002,146.76058308333333,102.68744166666667
2024-02,Baringo,73300,0.03333333333333333,1398.75,168.0175,184.792230125,122.51782580555556
2024-02,Embu,14050,0.016666666666666666,1398.75,168.0175,114.86526695277777,106.61702869444446
2024-02,Garissa,185400,0.06666666666666667,92.66499999999999,140.62,65.68231526111111,84.94026677777778
2024-02,Isiolo,63200,0.06666666666666667,1398.75,168.0175,28.278380778888888,96.03484755555556
2024-02,Kajiado,63400,0.016666666666666666,1398.75,168.0175,61.41549728333334,120.76865077777776
2024-02,Kilifi,157700,0.03333333333333333,1398.75,168.0175,84.66968615,68.96674208333333
2024-02,Kitui,0,0.0,1398.75,168.0175,68.88853626666666,117.04654736111111
2024-02,Kwale,141600,0.05000000000000001,1398.75,168.0175,99.91800935555555,74.86541555555556
2024-02,Laikipia,56100,0.03333333333333333,1398.75,168.0175,104.97664016666667,101.58380433333335
2024-02,Lamu,16700,0.03333333333333333,1398.75,168.0175,60.03448272222222,82.42140605555556
2024-02,Makueni,156300,0.049999999999999996,2700.0,168.0175,83.97730331666666,121.8710058888889
2024-02,Mandera,191800,0.06666666666666667,1398.75,168.0175,26.922538983333332,88.71690177777778
2024-02,Marsabit,103000,0.06666666666666667,1398.75,168.0175,66.56177822222223,137.31496733333336
2024-02,Meru,39750,0.016666666666666666,1398.75,168.0175,105.02876712777777,91.76788613888888
2024-02,Narok,64200,0.016666666666666666,1398.75,168.0175,125.71649265277776,112.63875708333333
2024-02,Nyeri,10250,0.016666666666666666,3200.4,168.0175,124.5360382222222,134.82691155555554
2024-02,Samburu,52200,0.05000000000000001,1398.75,168.0175,50.889376294444446,93.22127794444444
2024-02,Taita Taveta,0,0.0,1398.75,168.0175,46.49970252222222,81.7874065
2024-02,Tana River,52950,0.049999999999999996,1398.75,168.0175,102.41819258888889,140.95604555555553
2024-02,Tharaka-Nithi,8900,0.016666666666666666,1398.75,168.0175,100.90058946388888,97.37963191666667
2024-02,Turkana,306900,0.10000000000000002,97.5,195.41500000000002,79.00957588888889,149.02641122222224
2024-02,Wajir,174200,0.06666666666666667,1398.75,168.0175,44.54700701111111,114.98841766666666
2024-02,West Pokot,0,0.0,1398.75,168.0175,146.76058308333333,102.68744166666667
2024-04,Baringo,36650,0.016666666666666666,1397.77,151.54500000000002,184.792230125,122.51782580555556
2024-04,Embu,14050,0.016666666666666666,1397.77,151.54500000000002,114.86526695277777,106.61702869444446
2024-04,Garissa,139050,0.049999999999999996,95.54,143.09,65.68231526111111,84.94026677777778
2024-04,Isiolo,31600,0.03333333333333333,1397.77,151.54500000000002,28.278380778888888,96.03484755555556
2024-04,Kajiado,63400,0.016666666666666666,1397.77,151.54500000000002,61.41549728333334,120.76865077777776
2024-04,Kilifi,78850,0.016666666666666666,1397.77,151.54500000000002,84.66968615,68.96674208333333
2024-04,Kitui,0,0.0,1397.77,151.54500000000002,68.88853626666666,117.04654736111111
2024-04,Kwale,47200,0.016666666666666666,1397.77,151.54500000000002,99.91800935555555,74.86541555555556
2024-04,Laikipia,28050,0.016666666666666666,1397.77,151.54500000000002,104.97664016666667,101.58380433333335
2024-04,Lamu,8350,0.016666666666666666,1397.77,151.54500000000002,60.03448272222222,82.42140605555556
2024-04,Makueni,104200,0.03333333333333333,2700.0,151.54500000000002,83.97730331666666,121.8710058888889
2024-04,Mandera,143850,0.049999999999999996,1397.77,151.54500000000002,26.922538983333332,88.71690177777778
2024-04,Marsabit,77250,0.05000000000000001,1397.77,151.54500000000002,166.72295666666665,170.47853388888888
2024-04,Meru,39750,0.016666666666666666,1397.77,151.54500000000002,105.02876712777777,91.76788613888888
2024-04,Narok,64200,0.016666666666666666,1397.77,151.54500000000002,125.71649265277776,112.63875708333333
2024-04,Nyeri,10250,0.016666666666666666,2700.0,151.54500000000002,384.3858955555556,210.30617555555557
2024-04,Samburu,17400,0.016666666666666666,1397.77,151.54500000000002,50.889376294444446,93.22127794444444
2024-04,Taita Taveta,0,0.0,1397.77,151.54500000000002,46.49970252222222,81.7874065
2024-04,Tana River,35300,0.03333333333333333,1397.77,151.54500000000002,107.81744955555556,114.45389266666666
2024-04,Tharaka-Nithi,0,0.0,1397.77,151.54500000000002,100.90058946388888,97.37963191666667
2024-04,Turkana,153450,0.049999999999999996,70.0,160.0,166.44882433333333,158.14464222222222
2024-04,Wajir,130650,0.049999999999999996,1397.77,151.54500000000002,127.64203666666668,160.14337488888887
2024-04,West Pokot,0,0.0,1397.77,151.54500000000002,146.76058308333333,102.68744166666667
2024-07,Baringo,36650,0.016666666666666666,91.58,150.0,184.792230125,122.51782580555556
2024-07,Embu,0,0.0,91.58,150.0,114.86526695277777,106.61702869444446
2024-07,Garissa,92700,0.03333333333333333,91.58,134.14,65.68231526111111,84.94026677777778
2024-07,Isiolo,15800,0.016666666666666666,91.58,150.0,28.278380778888888,96.03484755555556
2024-07,Kajiado,0,0.0,91.58,150.0,61.41549728333334,120.76865077777776
2024-07,Kilifi,78850,0.016666666666666666,91.58,150.0,84.66968615,68.96674208333333
2024-07,Kitui,0,0.0,91.58,150.0,68.88853626666666,117.04654736111111
2024-07,Kwale,47200,0.016666666666666666,91.58,150.0,99.91800935555555,74.86541555555556
2024-07,Laikipia,28050,0.016666666666666666,91.58,150.0,104.97664016666667,101.58380433333335
2024-07,Lamu,8350,0.016666666666666666,91.58,150.0,60.03448272222222,82.42140605555556
2024-07,Makueni,52100,0.016666666666666666,3150.0,4500.0,83.97730331666666,121.8710058888889
2024-07,Mandera,95900,0.03333333333333333,91.58,150.0,26.922538983333332,88.71690177777778
2024-07,Meru,39750,0.016666666666666666,91.58,150.0,105.02876712777777,91.76788613888888
2024-07,Narok,0,0.0,91.58,150.0,125.71649265277776,112.63875708333333
2024-07,Nyeri,0,0.0,91.58,150.0,264.7343128888889,165.949965
2024-07,Samburu,34800,0.03333333333333333,91.58,150.0,50.889376294444446,93.22127794444444
2024-07,Taita Taveta,0,0.0,91.58,150.0,46.49970252222222,81.7874065
2024-07,Tana River,52950,0.049999999999999996,91.58,150.0,55.83314593333333,79.058406
2024-07,Tharaka-Nithi,0,0.0,91.58,150.0,100.90058946388888,97.37963191666667
2024-07,Turkana,52891,0.06666666666666667,70.0,150.0,125.579152,142.14716111111113
2024-07,Wajir,87100,0.03333333333333333,91.58,150.0,38.49404868888889,99.98132788888888
2024-07,West Pokot,0,0.0,91.58,150.0,146.76058308333333,102.68744166666667
2024-10,Baringo,73300,0.03333333333333333,90.39,135.735,184.792230125,122.51782580555556
2024-10,Embu,14050,0.016666666666666666,90.39,135.735,114.86526695277777,106.61702869444446
2024-10,Garissa,139050,0.049999999999999996,90.39,125.22,65.68231526111111,84.94026677777778
2024-10,Isiolo,31600,0.03333333333333333,90.39,135.735,28.278380778888888,96.03484755555556
2024-10,Kajiado,63400,0.016666666666666666,90.39,135.735,61.41549728333334,120.76865077777776
2024-10,Kilifi,157700,0.03333333333333333,90.39,135.735,84.66968615,68.96674208333333
2024-10,Kitui,61500,0.016666666666666666,90.39,135.735,68.88853626666666,117.04654736111111
2024-10,Kwale,94400,0.03333333333333333,90.39,135.735,99.91800935555555,74.86541555555556
2024-10,Laikipia,56100,0.03333333333333333,90.39,135.735,104.97664016666667,101.58380433333335
2024-10,Lamu,16700,0.03333333333333333,90.39,135.735,60.03448272222222,82.42140605555556
2024-10,Makueni,104200,0.03333333333333333,3375.0,135.735,83.97730331666666,121.8710058888889
2024-10,Mandera,143850,0.049999999999999996,90.39,135.735,26.922538983333332,88.71690177777778
2024-10,Meru,79500,0.03333333333333333,90.39,135.735,105.02876712777777,91.76788613888888
2024-10,Narok,64200,0.016666666666666666,90.39,135.735,125.71649265277776,112.63875708333333
2024-10,Nyeri,10250,0.016666666666666666,90.39,135.735,86.46889988888888,82.17182844444444
2024-10,Samburu,34800,0.03333333333333333,90.39,135.735,50.889376294444446,93.22127794444444
2024-10,Taita Taveta,0,0.0,90.39,135.735,46.49970252222222,81.7874065
2024-10,Tana River,52950,0.049999999999999996,90.39,135.735,32.52548971111111,65.13375744444444
2024-10,Tharaka-Nithi,8900,0.016666666666666666,90.39,135.735,100.90058946388888,97.37963191666667
2024-10,Turkana,66113,0.08333333333333333,73.25,146.25,71.96774377777778,112.73172177777778
2024-10,Wajir,130650,0.049999999999999996,90.39,135.735,14.728572922222222,56.177217222222225
2024-10,West Pokot,33800,0.016666666666666666,90.39,135.735,146.76058308333333,102.68744166666667
2025-02,Baringo,73300,0.03333333333333333,96.36,135.78,184.792230125,122.51782580555556
2025-02,Embu,14050,0.016666666666666666,96.36,135.78,114.86526695277777,106.61702869444446
2025-02,Garissa,185400,0.06666666666666667,96.36,121.56,65.68231526111111,84.94026677777778
2025-02,Isiolo,47400,0.049999999999999996,96.36,135.78,28.278380778888888,96.03484755555556
2025-02,Kajiado,63400,0.016666666666666666,96.36,135.78,61.41549728333334,120.76865077777776
2025-02,Kilifi,157700,0.03333333333333333,96.36,135.78,84.66968615,68.96674208333333
2025-02,Kitui,61500,0.016666666666666666,96.36,135.78,68.88853626666666,117.04654736111111
2025-02,Kwale,141600,0.049999999999999996,96.36,135.78,99.91800935555555,74.86541555555556
2025-02,Laikipia,28050,0.016666666666666666,96.36,135.78,104.97664016666667,101.58380433333335
2025-02,Lamu,16700,0.03333333333333333,96.36,135.78,60.03448272222222,82.42140605555556
2025-02,Makueni,104200,0.03333333333333333,4275.0,135.78,83.97730331666666,121.8710058888889
2025-02,Mandera,287700,0.09999999999999999,96.36,135.78,26.922538983333332,88.71690177777778
2025-02,Marsabit,128750,0.08333333333333333,96.36,135.78,42.00938825555556,75.82092977777778
2025-02,Meru,119250,0.049999999999999996,96.36,135.78,105.02876712777777,91.76788613888888
2025-02,Narok,64200,0.016666666666666666,96.36,135.78,125.71649265277776,112.63875708333333
2025-02,Nyeri,10250,0.016666666666666666,96.36,135.78,95.14441804444445,85.3752761111111
2025-02,Samburu,52200,0.049999999999999996,96.36,135.78,50.889376294444446,93.22127794444444
2025-02,Taita Taveta,18200,0.016666666666666666,96.36,135.78,46.49970252222222,81.7874065
2025-02,Tana River,52950,0.049999999999999996,96.36,135.78,64.84578224444445,91.43791822222222
2025-02,Tharaka-Nithi,8900,0.016666666666666666,96.36,135.78,100.90058946388888,97.37963191666667
2025-02,Turkana,306900,0.10000000000000002,70.0,150.0,54.5339998,83.19468944444445
2025-02,Wajir,174200,0.06666666666666667,96.36,135.78,24.13263074444444,82.05304677777778
2025-02,West Pokot,33800,0.016666666666666666,96.36,135.78,146.76058308333333,102.68744166666667
2025-04,Baringo,146600,0.06666666666666667,85.0,137.5,184.792230125,122.51782580555556
2025-04,Embu,28100,0.03333333333333333,85.0,137.5,114.86526695277777,106.61702869444446
2025-04,Garissa,231750,0.08333333333333333,100.0,123.33,65.68231526111111,84.94026677777778
2025-04,Isiolo,63200,0.06666666666666667,85.0,137.5,28.278380778888888,96.03484755555556
2025-04,Kajiado,63400,0.016666666666666666,85.0,137.5,61.41549728333334,120.76865077777776
2025-04,Kilifi,236550,0.049999999999999996,85.0,137.5,84.66968615,68.96674208333333
2025-04,Kitui,123000,0.03333333333333333,85.0,137.5,68.88853626666666,117.04654736111111
2025-04,Kwale,141600,0.049999999999999996,85.0,137.5,99.91800935555555,74.86541555555556
2025-04,Laikipia,56100,0.03333333333333333,85.0,137.5,104.97664016666667,101.58380433333335
2025-04,Lamu,16700,0.03333333333333333,85.0,137.5,60.03448272222222,82.42140605555556
2025-04,Makueni,156300,0.049999999999999996,85.0,137.5,83.97730331666666,121.8710058888889
2025-04,Mandera,335650,0.11666666666666665,85.0,137.5,26.922538983333332,88.71690177777778
2025-04,Marsabit,180250,0.11666666666666665,85.0,137.5,134.58093399999998,131.59144400000002
2025-04,Meru,159000,0.06666666666666667,85.0,137.5,105.02876712777777,91.76788613888888
2025-04,Narok,64200,0.016666666666666666,85.0,137.5,125.71649265277776,112.63875708333333
2025-04,Nyeri,10250,0.016666666666666666,85.0,137.5,257.2193644444444,134.39596544444444
2025-04,Samburu,69600,0.06666666666666667,85.0,137.5,50.889376294444446,93.22127794444444
2025-04,Taita Taveta,18200,0.016666666666666666,85.0,137.5,46.49970252222222,81.7874065
2025-04,Tana River,70600,0.06666666666666667,85.0,137.5,106.69743544444445,115.18397333333331
2025-04,Tharaka-Nithi,8900,0.016666666666666666,85.0,137.5,100.90058946388888,97.37963191666667
2025-04,Turkana,358050,0.11666666666666665,70.0,151.67,138.40979066666668,124.21939322222222
2025-04,Wajir,217750,0.08333333333333333,85.0,137.5,107.71611566666667,129.34540444444443
2025-04,West Pokot,67600,0.03333333333333333,85.0,137.5,146.76058308333333,102.68744166666667
2025-07,Baringo,109950,0.05000000000000001,91.66499999999999,136.1,205.9019382222222,127.90427633333333
2025-07,Embu,14050,0.016666666666666666,91.66499999999999,136.1,94.19508197777778,94.467444
2025-07,Garissa,139050,0.049999999999999996,100.0,130.95,87.49804301111111,103.2014545
2025-07,Isiolo,31600,0.03333333333333333,91.66499999999999,136.1,24.518609024444444,113.57662444444445
2025-07,Kajiado,63400,0.016666666666666666,91.66499999999999,136.1,39.31507443333333,105.8534771111111
2025-07,Kilifi,78850,0.016666666666666666,91.66499999999999,136.1,127.74956077777779,77.79077888888888
2025-07,Kitui,123000,0.03333333333333333,91.66499999999999,136.1,34.946102205555555,105.69436916666666
2025-07,Kwale,94400,0.03333333333333333,91.66499999999999,136.1,125.87442893333335,75.24060755555556
2025-07,Laikipia,28050,0.016666666666666666,91.66499999999999,136.1,89.63245433333333,94.11602177777779
2025-07,Lamu,25050,0.049999999999999996,91.66499999999999,136.1,184.10563622222222,96.77679044444444
2025-07,Makueni,52100,0.016666666666666666,91.66499999999999,136.1,40.869863966666664,110.70643066666668
2025-07,Mandera,287700,0.09999999999999999,91.66499999999999,136.1,34.616125744444446,102.99446511111111
2025-07,Marsabit,103000,0.06666666666666667,91.66499999999999,136.1,35.865947822222225,89.8278661388889
2025-07,Meru,79500,0.03333333333333333,91.66499999999999,136.1,76.46077555555556,94.147741
2025-07,Narok,64200,0.016666666666666666,91.66499999999999,136.1,136.82757791666666,117.28650611111112
2025-07,Nyeri,10250,0.016666666666666666,91.66499999999999,136.1,126.01746096111111,86.44374322222222
2025-07,Samburu,34800,0.03333333333333333,91.66499999999999,136.1,48.685482699999994,86.31853444444444
2025-07,Taita Taveta,0,0.0,91.66499999999999,136.1,39.304813144444445,91.22103711111112
2025-07,Tana River,52950,0.049999999999999996,91.66499999999999,136.1,52.26737638888889,93.93912505555555
2025-07,Tharaka-Nithi,0,0.0,91.66499999999999,136.1,87.18569055555555,99.02093327777779
2025-07,Turkana,204600,0.06666666666666667,83.33,141.25,68.59080922222222,94.3823135
2025-07,Wajir,130650,0.05000000000000001,91.66499999999999,136.1,36.520205205555555,104.28560172222222
2025-07,West Pokot,33800,0.016666666666666666,91.66499999999999,136.1,151.86470244444445,104.5397271111111
2025-10,Baringo,36650,0.016666666666666666,87.075,126.595,198.23223561111112,173.14198466666664
2025-10,Embu,28100,0.03333333333333333,87.075,126.595,108.59000961111111,122.62035922222223
2025-10,Garissa,185400,0.06666666666666667,87.075,118.19,31.09866319444445,75.87115144444445
2025-10,Isiolo,47400,0.049999999999999996,87.075,126.595,19.115796077777777,91.36746588888889
2025-10,Kajiado,63400,0.016666666666666666,87.075,126.595,22.989544444444444,135.68382444444444
2025-10,Kilifi,78850,0.016666666666666666,87.075,126.595,62.602745633333335,60.14270527777777
2025-10,Kitui,184500,0.049999999999999996,87.075,126.595,43.52881118333333,128.39872555555556
2025-10,Kwale,94400,0.03333333333333333,87.075,126.595,73.96158977777776,74.49022355555556
2025-10,Laikipia,28050,0.016666666666666666,87.075,126.595,120.320826,142.35415977777777
2025-10,Lamu,25050,0.049999999999999996,87.075,126.595,45.576354555555554,72.37428277777778
2025-10,Makueni,104200,0.03333333333333333,4500.0,126.595,32.503676066666664,133.03558111111113
2025-10,Mandera,335650,0.11666666666666665,87.075,126.595,19.22895222222222,69.26510266666668
2025-10,Marsabit,128750,0.08333333333333333,87.075,126.595,55.19432298611111,151.45565072222223
2025-10,Meru,119250,0.049999999999999996,87.075,126.595,91.589019,89.38803127777777
2025-10,Narok,64200,0.016666666666666666,87.075,126.595,95.590637,115.37683494444445
2025-10,Nyeri,10250,0.016666666666666666,87.075,126.595,158.5428015,145.0327351111111
2025-10,Samburu,34800,0.03333333333333333,87.075,126.595,53.09326988888889,119.87954988888889
2025-10,Taita Taveta,0,0.0,87.075,126.595,27.21370588888889,72.35377588888889
2025-10,Tana River,88250,0.08333333333333333,87.075,126.595,39.271975805555556,98.40634627777779
2025-10,Tharaka-Nithi,0,0.0,87.075,126.595,86.50339516666666,95.73833055555555
2025-10,Turkana,255750,0.08333333333333333,74.0,135.0,78.51138605555555,216.76855166666667
2025-10,Wajir,174200,0.06666666666666667,87.075,126.595,15.983140877777778,63.30494205555556
2025-10,West Pokot,33800,0.016666666666666666,87.075,126.595,243.61942666666664,235.8632027777778
2026-01,Baringo,114600,0.049999999999999996,94.22,114.94,64.57297193333333,75.44603633333332
2026-01,Embu,14800,0.016666666666666666,94.22,114.94,121.14052429444445,72.65198600000001
2026-01,Garissa,242750,0.08333333333333333,94.22,114.94,51.424463522222226,74.34422177777778
2026-01,Isiolo,66000,0.06666666666666667,94.22,114.94,32.03815253333333,61.976423555555556
2026-01,Kajiado,66400,0.016666666666666666,94.22,114.94,83.51592013333334,74.00851233333333
2026-01,Kilifi,298970,0.13333333333333333,94.22,114.94,40.635921027777776,49.175247666666664
2026-01,Kitui,188850,0.049999999999999996,94.22,114.94,94.24826134999999,68.03980533333333
2026-01,Kwale,197600,0.06666666666666667,94.22,114.94,43.7546461,43.84594666666666
2026-01,Laikipia,29150,0.016666666666666666,94.22,114.94,75.49080066666667,85.81438533333333
2026-01,Lamu,26400,0.049999999999999996,94.22,114.94,39.01915514444445,70.82723800000001
2026-01,Makueni,159750,0.049999999999999996,94.22,114.94,127.08474266666667,80.4624881111111
2026-01,Mandera,503500,0.16666666666666666,94.22,114.94,14.403537347777776,74.43933844444445
2026-01,Marsabit,134750,0.08333333333333333,94.22,114.94,43.42159111944444,80.75543438888889
2026-01,Meru,198800,0.06666666666666667,94.22,114.94,118.46851525555556,59.02923538888889
2026-01,Narok,67750,0.016666666666666666,94.22,114.94,114.60540738888888,76.71165133333334
2026-01,Nyeri,11175,0.016666666666666666,94.22,114.94,129.4457333722222,88.55335827777778
2026-01,Samburu,91750,0.08333333333333333,94.22,114.94,47.53463146666667,66.41122711111112
2026-01,Taita Taveta,18650,0.016666666666666666,94.22,114.94,53.694591900000006,52.905864666666666
2026-01,Tana River,185000,0.16666666666666666,94.22,114.94,49.893316999999996,61.11375733333333
2026-01,Tharaka-Nithi,42705,0.049999999999999996,94.22,114.94,114.61548837222222,60.58308911111111
2026-01,Turkana,322200,0.09999999999999999,94.22,114.94,43.85462638111111,95.81055594444445
2026-01,Wajir,274500,0.09999999999999999,94.22,114.94,23.359374037222224,67.48308422222222
2026-01,West Pokot,70600,0.03333333333333333,94.22,114.94,58.055556122222214,84.23222677777778
2026-04,Baringo,114600,0.049999999999999996,2300.0,5123.75,171.35222463888888,117.13137527777778
2026-04,Embu,14800,0.016666666666666666,2300.0,5123.75,263.24140616666665,118.7666133888889
2026-04,Garissa,242750,0.08333333333333333,100.0,122.5,79.940167,94.00938211111111
2026-04,Isiolo,82500,0.08333333333333333,2300.0,5123.75,87.89946422222222,100.70222922222223
2026-04,Kajiado,66400,0.016666666666666666,2300.0,5123.75,250.01480866666668,146.6197151111111
2026-04,Kilifi,380820,0.1416666666666667,2300.0,5123.75,106.73662666666668,86.69242622222222
2026-04,Kitui,251800,0.06666666666666667,2300.0,5123.75,173.07104511111112,131.8544396111111
2026-04,Kwale,247000,0.08333333333333333,2300.0,5123.75,151.37670944444443,102.66420366666667
2026-04,Laikipia,29150,0.016666666666666666,2300.0,5123.75,134.66629833333334,109.05158688888889
2026-04,Lamu,35200,0.06666666666666667,2300.0,5123.75,74.49261088888889,92.46852933333334
2026-04,Makueni,213000,0.06666666666666667,4500.0,10125.0,233.78340155555554,147.07354144444446
2026-04,Mandera,604200,0.20000000000000004,2300.0,5123.75,128.6244372222222,154.17748377777778
2026-04,Marsabit,134750,0.08333333333333333,2300.0,5123.75,110.32640722222223,111.89873872222222
2026-04,Meru,198800,0.06666666666666667,2300.0,5123.75,225.26784733333332,102.5306783888889
2026-04,Narok,67750,0.016666666666666666,2300.0,5123.75,256.30633616666665,109.90067922222222
2026-04,Nyeri,11175,0.016666666666666666,2300.0,5123.75,244.03039105555555,112.13826599999999
2026-04,Samburu,73400,0.06666666666666667,2300.0,5123.75,118.52766255555555,100.12402144444444
2026-04,Taita Taveta,18650,0.016666666666666666,2300.0,5123.75,138.52366111111112,93.57834788888889
2026-04,Tana River,203500,0.18333333333333335,2300.0,5123.75,93.7769862611111,100.09001138888888
2026-04,Tharaka-Nithi,28470,0.03333333333333333,2300.0,5123.75,246.3413708888889,106.96670494444444
2026-04,Turkana,322200,0.09999999999999999,2300.0,5123.75,119.70390760555554,119.92376911111111
2026-04,Wajir,366000,0.13333333333333333,2300.0,5123.75,106.91749683333335,122.09723272222222
2026-04,West Pokot,35300,0.016666666666666666,2300.0,5123.75,141.6564637222222,100.83515622222222
